{"all_four.h5": [85.390625, 85.546875, 84.791666666666671, 85.885416666666671, 86.354166666666671], "handwritten_vs_else.h5": [98.802083333333329, 98.4375, 98.645833333333329, 98.75, 98.411458333333329], "code_vs_no_code_partially.h5": [90.023815824292143, 90.601703946709762, 89.992036102999734, 90.498938454184568, 91.471215351812361], "code_vs_no_code_partially_handwritten.h5": [90.182291666666671, 89.947916666666671, 89.713541666666657, 90.364583333333343, 91.40625], "code_vs_no_code_strict.h5": [92.608447488584474, 92.724679060567297, 92.717889908256879, 92.781740370898717, 93.751799602038986]}